,accuracy,precision,recall,f1,MCC,ROC-AUC,AUPR
Decision Tree,99.2466080545671,67.10097719869707,70.62857142857143,68.8195991091314,68.46156115729694,85.10803839447985,47.738214699294495
Random Forest,99.53451140514325,87.04481792717087,71.02857142857142,78.22529893014475,78.40467035280318,85.4513224235859,62.16773506585487
K-NN,99.27486025252084,78.33052276559866,53.08571428571428,63.283378746593996,64.14883681964837,76.45538922010118,42.134580716709586
MLP,99.5351840765231,87.1578947368421,70.97142857142858,78.23622047244095,78.42461073256423,85.42343167923826,62.19892006848301
SVM,93.51544789823826,15.187080833039182,98.34285714285714,26.310961626662593,37.31283442903906,95.90040053404539,14.954916677821634
LOF,97.70820860884832,5.191995673336939,5.485714285714286,5.334815226451792,4.177386963665584,52.14623742071245,1.3974165106391376
IF,98.8584766683932,51.46489773355445,53.2,52.31806687271706,51.747835457765525,76.30117962575981,27.930243454348773
